countries_and_territories,date,daily_confirmed_cases,daily_deaths,confirmed_cases,deaths,pop_data_2019
Czechia,2019-12-31,0,0,0,0,10649800
Germany,2019-12-31,0,0,0,0,83019213
Croatia,2019-12-31,0,0,0,0,4076246
Poland,2020-04-03,392,14,2946,57,37972812
Poland,2020-04-04,437,14,3383,71,37972812
Poland,2020-04-06,475,15,4102,94,37972812
Poland,2020-04-08,435,22,4848,129,37972812
Poland,2020-04-09,357,30,5205,159,37972812
Poland,2020-04-10,370,15,5575,174,37972812
Poland,2020-04-12,401,27,6356,208,37972812
Poland,2020-04-13,318,24,6674,232,37972812
Poland,2020-04-15,268,18,7202,263,37972812
Poland,2020-04-16,380,23,7582,286,37972812
Poland,2020-04-17,336,28,7918,314,37972812
Poland,2020-04-18,461,18,8379,332,37972812
Poland,2020-04-19,363,15,8742,347,37972812
Poland,2020-04-21,306,20,9593,380,37972812
Poland,2020-04-22,263,21,9856,401,37972812
Poland,2020-04-23,313,25,10169,426,37972812
Poland,2020-04-24,342,28,10511,454,37972812
Poland,2020-04-25,381,40,10892,494,37972812
Poland,2020-04-26,381,30,11273,524,37972812
Poland,2020-04-28,285,27,11902,562,37972812
Poland,2020-04-29,316,34,12218,596,37972812
Poland,2020-04-30,422,28,12640,624,37972812
Poland,2020-05-01,237,20,12877,644,37972812
Poland,2020-05-04,318,14,13693,678,37972812
Poland,2020-05-05,313,20,14006,698,37972812
Poland,2020-05-06,425,18,14431,716,37972812
Poland,2020-05-07,309,17,14740,733,37972812
Poland,2020-05-08,307,22,15047,755,37972812
Poland,2020-05-09,319,21,15366,776,37972812
Poland,2020-05-11,345,15,15996,800,37972812
Poland,2020-05-13,595,28,16921,839,37972812
Poland,2020-05-14,283,22,17204,861,37972812
Poland,2020-05-15,411,22,17615,883,37972812
Poland,2020-05-16,401,24,18016,907,37972812
Poland,2020-05-21,471,14,19739,962,37972812
Poland,2020-05-27,443,17,22074,1024,37972812
Poland,2020-06-03,230,18,24395,1092,37972812
Poland,2020-06-04,292,23,24687,1115,37972812
Poland,2020-06-06,371,20,25419,1137,37972812
Poland,2020-06-07,567,16,25986,1153,37972812
Poland,2020-06-10,400,17,27560,1183,37972812
Poland,2020-06-11,197,23,27757,1206,37972812
Poland,2020-06-14,440,15,29017,1237,37972812
Poland,2020-06-17,407,16,30195,1272,37972812
Poland,2020-06-18,506,14,30701,1286,37972812
Poland,2020-06-19,314,30,31015,1316,37972812
Poland,2020-06-20,301,18,31316,1334,37972812
Poland,2020-06-24,300,16,32527,1375,37972812
Poland,2020-06-25,294,21,32821,1396,37972812
Poland,2020-06-26,298,16,33119,1412,37972812
Poland,2020-06-27,276,17,33395,1429,37972812
Poland,2020-07-01,239,19,34393,1463,37972812
Poland,2020-07-02,382,14,34775,1477,37972812
Poland,2020-07-03,371,15,35146,1492,37972812
Poland,2020-07-04,259,15,35405,1507,37972812
Poland,2020-07-09,277,14,36689,1542,37972812
Poland,2020-07-31,615,15,45031,1709,37972812
Poland,2020-08-06,640,18,48789,1756,37972812
Poland,2020-08-07,726,18,49515,1774,37972812
Poland,2020-08-14,811,14,54487,1844,37972812
Poland,2020-08-15,832,14,55319,1858,37972812
Poland,2020-08-20,735,17,58611,1913,37972812
Poland,2020-08-26,763,17,63073,1977,37972812
Poland,2020-08-27,729,17,63802,1994,37972812
Poland,2020-08-28,887,16,64689,2010,37972812
Poland,2020-08-30,759,14,66239,2032,37972812
Poland,2020-09-02,550,19,67922,2058,37972812
Poland,2020-09-03,595,20,68517,2078,37972812
Poland,2020-09-04,612,14,69129,2092,37972812
Poland,2020-09-15,377,15,74529,2203,37972812
Poland,2020-09-16,605,24,75134,2227,37972812
Poland,2020-09-18,837,16,76571,2253,37972812
Poland,2020-09-19,757,17,77328,2270,37972812
Poland,2020-09-23,711,18,80699,2316,37972812
Poland,2020-09-24,974,28,81673,2344,37972812
Poland,2020-09-25,1136,25,82809,2369,37972812
Poland,2020-09-26,1587,23,84396,2392,37972812
Poland,2020-09-27,1584,32,85980,2424,37972812
Poland,2020-09-29,1306,15,88636,2447,37972812
Poland,2020-09-30,1326,36,89962,2483,37972812
Poland,2020-10-01,1552,30,91514,2513,37972812
Poland,2020-10-02,1967,30,93481,2543,37972812
Poland,2020-10-03,2292,27,95773,2570,37972812
Poland,2020-10-04,2367,34,98140,2604,37972812
Poland,2020-10-06,3940,55,102080,2659,37972812
Poland,2020-10-07,2236,58,104316,2717,37972812
Poland,2020-10-08,3003,75,107319,2792,37972812
Poland,2020-10-09,4280,75,111599,2867,37972812
Poland,2020-10-10,4739,52,116338,2919,37972812
Poland,2020-10-11,5300,53,121638,2972,37972812
Poland,2020-10-12,4178,32,125816,3004,37972812
Poland,2020-10-13,4394,35,130210,3039,37972812
Poland,2020-10-14,5068,62,135278,3101,37972812
Poland,2020-10-15,6526,116,141804,3217,37972812
Poland,2020-10-16,8099,91,149903,3308,37972812
Poland,2020-10-17,7705,132,157608,3440,37972812
Poland,2020-10-18,9622,84,167230,3524,37972812
Poland,2020-10-19,8536,49,175766,3573,37972812
Poland,2020-10-20,7482,41,183248,3614,37972812
Poland,2020-10-21,9291,107,192539,3721,37972812
Poland,2020-10-22,10040,130,202579,3851,37972812
Poland,2020-10-23,12107,168,214686,4019,37972812
Poland,2020-10-24,13632,153,228318,4172,37972812
Poland,2020-10-25,13628,179,241946,4351,37972812
Poland,2020-10-26,11742,87,253688,4438,37972812
Poland,2020-10-27,10241,45,263929,4483,37972812
Poland,2020-10-28,16300,132,280229,4615,37972812
Poland,2020-10-29,18820,236,299049,4851,37972812
Poland,2020-10-30,20156,298,319205,5149,37972812
Poland,2020-10-31,21629,202,340834,5351,37972812
Poland,2020-11-01,21897,280,362731,5631,37972812
Poland,2020-11-02,17171,152,379902,5783,37972812
Poland,2020-11-03,15578,92,395480,5875,37972812
Poland,2020-11-04,19364,227,414844,6102,37972812
Poland,2020-11-05,24692,373,439536,6475,37972812
Poland,2020-11-06,27143,367,466679,6842,37972812
Poland,2020-11-07,27086,445,493765,7287,37972812
Poland,2020-11-08,27875,349,521640,7636,37972812
Poland,2020-11-09,24785,236,546425,7872,37972812
Poland,2020-11-10,21713,173,568138,8045,37972812
Poland,2020-11-11,25454,330,593592,8375,37972812
Poland,2020-11-12,25221,430,618813,8805,37972812
Poland,2020-11-13,22683,275,641496,9080,37972812
Poland,2020-11-14,24051,419,665547,9499,37972812
Poland,2020-11-15,25571,546,691118,10045,37972812
Poland,2020-11-16,21854,303,712972,10348,37972812
Poland,2020-11-17,20816,143,733788,10491,37972812
Poland,2020-11-18,19152,357,752940,10848,37972812
Poland,2020-11-19,19883,603,772823,11451,37972812
Poland,2020-11-20,23975,637,796798,12088,37972812
Poland,2020-11-21,22464,626,819262,12714,37972812
Poland,2020-11-22,24213,574,843475,13288,37972812
Poland,2020-11-23,17856,330,861331,13618,37972812
Poland,2020-11-24,15002,156,876333,13774,37972812
Poland,2020-11-25,32733,540,909066,14314,37972812
Poland,2020-11-26,15356,674,924422,14988,37972812
Poland,2020-11-27,16690,580,941112,15568,37972812
Poland,2020-11-28,17304,579,958416,16147,37972812
Poland,2020-11-29,15177,599,973593,16746,37972812
Poland,2020-11-30,11482,283,985075,17029,37972812
Poland,2020-12-01,5736,121,990811,17150,37972812
Poland,2020-12-02,9113,449,999924,17599,37972812
Poland,2020-12-03,13823,609,1013747,18208,37972812
Poland,2020-12-04,14863,620,1028610,18828,37972812
Poland,2020-12-05,13236,531,1041846,19359,37972812
Poland,2020-12-06,12427,502,1054273,19861,37972812
Poland,2020-12-07,9176,228,1063449,20089,37972812
Poland,2020-12-08,4421,92,1067870,20181,37972812
Poland,2020-12-09,8310,411,1076180,20592,37972812
Poland,2020-12-10,12166,568,1088346,21160,37972812
Poland,2020-12-11,13750,470,1102096,21630,37972812
Poland,2020-12-12,13105,544,1115201,22174,37972812
Poland,2020-12-13,11499,502,1126700,22676,37972812
Poland,2020-12-14,8976,188,1135676,22864,37972812
Poland,2020-03-04,1,0,1,0,37972812
Poland,2020-03-07,4,0,5,0,37972812
Poland,2020-03-08,1,0,6,0,37972812
Poland,2020-03-09,5,0,11,0,37972812
Poland,2020-03-10,6,0,17,0,37972812
Poland,2020-03-11,5,0,22,0,37972812
Poland,2020-03-12,9,0,31,0,37972812
Poland,2020-03-16,21,0,125,3,37972812
Poland,2020-03-19,49,0,287,5,37972812
Poland,2020-03-20,68,0,355,5,37972812
Poland,2020-03-21,70,0,425,5,37972812
Poland,2020-03-22,111,0,536,5,37972812
Poland,2020-03-28,168,0,1389,16,37972812
Poland,2020-10-05,0,0,98140,2604,37972812
Poland,2020-03-13,18,1,49,1,37972812
Poland,2020-03-14,19,1,68,2,37972812
Poland,2020-03-15,36,1,104,3,37972812
Poland,2020-03-17,52,1,177,4,37972812
Poland,2020-03-18,61,1,238,5,37972812
Poland,2020-03-24,115,1,749,8,37972812
Poland,2020-08-04,575,1,47469,1732,37972812
Poland,2020-08-31,631,1,66870,2033,37972812
Poland,2020-03-23,98,2,634,7,37972812
Poland,2020-03-25,152,2,901,10,37972812
Poland,2020-03-27,170,2,1221,16,37972812
Poland,2020-03-29,249,2,1638,18,37972812
Poland,2020-04-01,256,2,2311,33,37972812
Poland,2020-06-05,361,2,25048,1117,37972812
Poland,2020-08-11,619,2,52410,1809,37972812
Poland,2020-05-25,395,3,21326,996,37972812
Poland,2020-06-01,215,3,23786,1064,37972812
Poland,2020-06-23,296,3,32227,1359,37972812
Poland,2020-06-29,193,3,33907,1438,37972812
Poland,2020-07-13,370,3,37891,1571,37972812
Poland,2020-07-21,279,3,40383,1627,37972812
Poland,2020-03-26,150,4,1051,14,37972812
Poland,2020-03-30,224,4,1862,22,37972812
Poland,2020-05-28,399,4,22473,1028,37972812
Poland,2020-06-08,575,4,26561,1157,37972812
Poland,2020-07-07,205,4,36155,1521,37972812
Poland,2020-07-25,458,4,42038,1655,37972812
Poland,2020-08-24,581,4,61762,1955,37972812
Poland,2020-09-08,302,4,71126,2124,37972812
Poland,2020-07-05,314,5,35719,1512,37972812
Poland,2020-07-06,231,5,35950,1517,37972812
Poland,2020-07-14,299,5,38190,1576,37972812
Poland,2020-07-28,337,5,43402,1676,37972812
Poland,2020-08-02,658,5,46346,1721,37972812
Poland,2020-08-25,548,5,62310,1960,37972812
Poland,2020-09-22,748,5,79988,2298,37972812
Poland,2020-06-28,319,6,33714,1435,37972812
Poland,2020-06-30,247,6,34154,1444,37972812
Poland,2020-07-12,305,6,37521,1568,37972812
Poland,2020-07-16,323,6,38780,1594,37972812
Poland,2020-07-19,339,6,39746,1618,37972812
Poland,2020-07-20,358,6,40104,1624,37972812
Poland,2020-07-23,380,6,41162,1642,37972812
Poland,2020-07-29,502,6,43904,1682,37972812
Poland,2020-08-05,680,6,48149,1738,37972812
Poland,2020-09-01,502,6,67372,2039,37972812
Poland,2020-09-14,502,6,74152,2188,37972812
Poland,2020-04-11,380,7,5955,181,37972812
Poland,2020-05-02,228,7,13105,651,37972812
Poland,2020-06-13,376,7,28577,1222,37972812
Poland,2020-07-08,257,7,36412,1528,37972812
Poland,2020-07-18,353,7,39407,1612,37972812
Poland,2020-07-27,443,7,43065,1671,37972812
Poland,2020-08-01,657,7,45688,1716,37972812
Poland,2020-08-10,624,7,51791,1807,37972812
Poland,2020-09-07,437,7,70824,2120,37972812
Poland,2020-04-05,244,8,3627,79,37972812
Poland,2020-05-17,241,8,18257,915,37972812
Poland,2020-08-17,594,8,56684,1877,37972812
Poland,2020-08-18,595,8,57279,1885,37972812
Poland,2020-08-29,791,8,65480,2018,37972812
Poland,2020-09-05,691,8,69820,2100,37972812
Poland,2020-09-28,1350,8,87330,2432,37972812
Poland,2020-03-31,193,9,2055,31,37972812
Poland,2020-05-10,285,9,15651,785,37972812
Poland,2020-06-09,599,9,27160,1166,37972812
Poland,2020-06-12,444,9,28201,1215,37972812
Poland,2020-06-16,396,9,29788,1256,37972812
Poland,2020-07-10,262,9,36951,1551,37972812
Poland,2020-07-22,399,9,40782,1636,37972812
Poland,2020-07-24,418,9,41580,1651,37972812
Poland,2020-07-26,584,9,42622,1664,37972812
Poland,2020-08-13,715,9,53676,1830,37972812
Poland,2020-04-02,243,10,2554,43,37972812
Poland,2020-05-18,272,10,18529,925,37972812
Poland,2020-05-22,404,10,20143,972,37972812
Poland,2020-05-23,476,10,20619,982,37972812
Poland,2020-05-29,352,10,22825,1038,37972812
Poland,2020-05-31,416,10,23571,1061,37972812
Poland,2020-06-02,379,10,24165,1074,37972812
Poland,2020-06-15,375,10,29392,1247,37972812
Poland,2020-06-22,311,10,31931,1356,37972812
Poland,2020-08-03,548,10,46894,1731,37972812
Poland,2020-09-12,594,10,73047,2169,37972812
Poland,2020-09-17,600,10,75734,2237,37972812
Poland,2020-04-27,344,11,11617,535,37972812
Poland,2020-05-12,330,11,16326,811,37972812
Poland,2020-05-19,356,11,18885,936,37972812
Poland,2020-05-24,312,11,20931,993,37972812
Poland,2020-05-26,305,11,21631,1007,37972812
Poland,2020-07-11,265,11,37216,1562,37972812
Poland,2020-07-17,274,11,39054,1605,37972812
Poland,2020-08-16,771,11,56090,1869,37972812
Poland,2020-08-19,597,11,57876,1896,37972812
Poland,2020-09-10,421,11,71947,2147,37972812
Poland,2020-09-21,910,11,79240,2293,37972812
Poland,2020-05-20,383,12,19268,948,37972812
Poland,2020-06-21,304,12,31620,1346,37972812
Poland,2020-07-15,267,12,38457,1588,37972812
Poland,2020-07-30,512,12,44416,1694,37972812
Poland,2020-08-12,551,12,52961,1821,37972812
Poland,2020-08-21,767,12,59378,1925,37972812
Poland,2020-09-09,400,12,71526,2136,37972812
Poland,2020-09-11,506,12,72453,2159,37972812
Poland,2020-09-20,1002,12,78330,2282,37972812
Poland,2020-04-07,311,13,4413,107,37972812
Poland,2020-04-14,260,13,6934,245,37972812
Poland,2020-04-20,545,13,9287,360,37972812
Poland,2020-05-03,270,13,13375,664,37972812
Poland,2020-05-30,330,13,23155,1051,37972812
Poland,2020-08-08,809,13,50324,1787,37972812
Poland,2020-08-09,843,13,51167,1800,37972812
Poland,2020-08-22,903,13,60281,1938,37972812
Poland,2020-08-23,900,13,61181,1951,37972812
Poland,2020-09-06,567,13,70387,2113,37972812
Poland,2020-09-13,603,13,73650,2182,37972812
Czechia,2020-04-15,82,18,6141,161,10649800
Czechia,2020-07-05,121,-1,12440,351,10649800
Czechia,2020-07-06,75,-3,12515,348,10649800
Czechia,2020-09-22,1524,19,50764,522,10649800
Czechia,2020-09-24,2306,24,55464,555,10649800
Czechia,2020-09-26,2944,14,61318,581,10649800
Czechia,2020-09-28,1303,15,64597,606,10649800
Czechia,2020-09-30,1960,18,67843,636,10649800
Czechia,2020-10-01,1076,19,68919,655,10649800
Czechia,2020-10-02,5336,23,74255,678,10649800
Czechia,2020-10-03,3796,21,78051,699,10649800
Czechia,2020-10-05,1841,16,82446,727,10649800
Czechia,2020-10-06,3120,31,85566,758,10649800
Czechia,2020-10-07,4456,36,90022,794,10649800
Czechia,2020-10-08,5338,35,95360,829,10649800
Czechia,2020-10-09,5397,40,100757,869,10649800
Czechia,2020-10-10,8617,36,109374,905,10649800
Czechia,2020-10-11,4633,90,114007,995,10649800
Czechia,2020-10-12,3103,39,117110,1034,10649800
Czechia,2020-10-13,4311,17,121421,1051,10649800
Czechia,2020-10-14,8326,55,129747,1106,10649800
Czechia,2020-10-15,9543,66,139290,1172,10649800
Czechia,2020-10-16,9720,58,149010,1230,10649800
Czechia,2020-10-17,11102,53,160112,1283,10649800
Czechia,2020-10-18,8715,69,168827,1352,10649800
Czechia,2020-10-19,5058,70,173885,1422,10649800
Czechia,2020-10-20,8077,91,181962,1513,10649800
Czechia,2020-10-21,11984,106,193946,1619,10649800
Czechia,2020-10-22,14969,120,208915,1739,10649800
Czechia,2020-10-23,14150,106,223065,1845,10649800
Czechia,2020-10-24,15258,126,238323,1971,10649800
Czechia,2020-10-25,12474,106,250797,2077,10649800
Czechia,2020-10-26,7300,124,258097,2201,10649800
Czechia,2020-10-27,10273,164,268370,2365,10649800
Czechia,2020-10-28,15663,182,284033,2547,10649800
Czechia,2020-10-29,12980,128,297013,2675,10649800
Czechia,2020-10-30,13055,187,310068,2862,10649800
Czechia,2020-10-31,13605,216,323673,3078,10649800
Czechia,2020-11-01,11429,173,335102,3251,10649800
Czechia,2020-11-02,6542,178,341644,3429,10649800
Czechia,2020-11-03,9252,225,350896,3654,10649800
Czechia,2020-11-04,12089,259,362985,3913,10649800
Czechia,2020-11-05,15731,220,378716,4133,10649800
Czechia,2020-11-06,13229,197,391945,4330,10649800
Czechia,2020-11-07,11552,196,403497,4526,10649800
Czechia,2020-11-08,7723,155,411220,4681,10649800
Czechia,2020-11-09,3608,177,414828,4858,10649800
Czechia,2020-11-10,6047,216,420875,5074,10649800
Czechia,2020-11-11,9005,249,429880,5323,10649800
Czechia,2020-11-12,8925,247,438805,5570,10649800
Czechia,2020-11-13,7870,185,446675,5755,10649800
Czechia,2020-11-14,7355,171,454030,5926,10649800
Czechia,2020-11-15,4199,132,458229,6058,10649800
Czechia,2020-11-16,1887,150,460116,6208,10649800
Czechia,2020-11-17,5407,208,465523,6416,10649800
Czechia,2020-11-18,4246,142,469769,6558,10649800
Czechia,2020-11-19,5515,182,475284,6740,10649800
Czechia,2020-11-20,6471,134,481755,6874,10649800
Czechia,2020-11-21,5808,147,487563,7021,10649800
Czechia,2020-11-22,3187,74,490750,7095,10649800
Czechia,2020-11-23,1513,101,492263,7196,10649800
Czechia,2020-11-24,4375,164,496638,7360,10649800
Czechia,2020-11-25,5896,139,502534,7499,10649800
Czechia,2020-11-26,2681,112,505215,7611,10649800
Czechia,2020-11-27,6305,168,511520,7779,10649800
Czechia,2020-11-28,4464,188,515984,7967,10649800
Czechia,2020-11-29,2665,87,518649,8054,10649800
Czechia,2020-11-30,1074,84,519723,8138,10649800
Czechia,2020-12-01,3575,157,523298,8295,10649800
Czechia,2020-12-02,5176,112,528474,8407,10649800
Czechia,2020-12-03,4568,108,533042,8515,10649800
Czechia,2020-12-04,4621,126,537663,8641,10649800
Czechia,2020-12-05,4743,97,542406,8738,10649800
Czechia,2020-12-06,1773,77,544179,8815,10649800
Czechia,2020-12-07,2654,87,546833,8902,10649800
Czechia,2020-12-08,4237,134,551070,9036,10649800
Czechia,2020-12-09,5857,100,556927,9136,10649800
Czechia,2020-12-10,6406,90,563333,9226,10649800
Czechia,2020-12-11,5872,115,569205,9341,10649800
Czechia,2020-12-12,6217,109,575422,9450,10649800
Czechia,2020-12-13,3657,85,579079,9535,10649800
Czechia,2020-12-14,2000,74,581079,9609,10649800
Czechia,2020-01-01,0,0,0,0,10649800
Czechia,2020-01-02,0,0,0,0,10649800
Czechia,2020-01-03,0,0,0,0,10649800
Czechia,2020-01-04,0,0,0,0,10649800
Czechia,2020-01-05,0,0,0,0,10649800
Czechia,2020-01-06,0,0,0,0,10649800
Czechia,2020-01-07,0,0,0,0,10649800
Czechia,2020-01-08,0,0,0,0,10649800
Czechia,2020-01-09,0,0,0,0,10649800
Czechia,2020-01-10,0,0,0,0,10649800
Czechia,2020-01-11,0,0,0,0,10649800
Czechia,2020-01-12,0,0,0,0,10649800
Czechia,2020-01-13,0,0,0,0,10649800
Czechia,2020-01-14,0,0,0,0,10649800
Czechia,2020-01-15,0,0,0,0,10649800
Czechia,2020-01-16,0,0,0,0,10649800
Czechia,2020-01-17,0,0,0,0,10649800
Czechia,2020-01-18,0,0,0,0,10649800
Czechia,2020-01-19,0,0,0,0,10649800
Czechia,2020-01-20,0,0,0,0,10649800
Czechia,2020-01-21,0,0,0,0,10649800
Czechia,2020-01-22,0,0,0,0,10649800
Czechia,2020-01-23,0,0,0,0,10649800
Czechia,2020-01-24,0,0,0,0,10649800
Czechia,2020-01-25,0,0,0,0,10649800
Czechia,2020-01-26,0,0,0,0,10649800
Czechia,2020-01-27,0,0,0,0,10649800
Czechia,2020-01-28,0,0,0,0,10649800
Czechia,2020-01-29,0,0,0,0,10649800
Czechia,2020-01-30,0,0,0,0,10649800
Czechia,2020-01-31,0,0,0,0,10649800
Czechia,2020-02-01,0,0,0,0,10649800
Czechia,2020-02-02,0,0,0,0,10649800
Czechia,2020-02-03,0,0,0,0,10649800
Czechia,2020-02-04,0,0,0,0,10649800
Czechia,2020-02-05,0,0,0,0,10649800
Czechia,2020-02-06,0,0,0,0,10649800
Czechia,2020-02-07,0,0,0,0,10649800
Czechia,2020-02-08,0,0,0,0,10649800
Czechia,2020-02-09,0,0,0,0,10649800
Czechia,2020-02-10,0,0,0,0,10649800
Czechia,2020-02-11,0,0,0,0,10649800
Czechia,2020-02-12,0,0,0,0,10649800
Czechia,2020-02-13,0,0,0,0,10649800
Czechia,2020-02-14,0,0,0,0,10649800
Czechia,2020-02-15,0,0,0,0,10649800
Czechia,2020-02-16,0,0,0,0,10649800
Czechia,2020-02-17,0,0,0,0,10649800
Czechia,2020-02-18,0,0,0,0,10649800
Czechia,2020-02-19,0,0,0,0,10649800
Czechia,2020-02-20,0,0,0,0,10649800
Czechia,2020-02-21,0,0,0,0,10649800
Czechia,2020-02-22,0,0,0,0,10649800
Czechia,2020-02-23,0,0,0,0,10649800
Czechia,2020-02-24,0,0,0,0,10649800
Czechia,2020-02-25,0,0,0,0,10649800
Czechia,2020-02-26,0,0,0,0,10649800
Czechia,2020-02-27,0,0,0,0,10649800
Czechia,2020-02-28,0,0,0,0,10649800
Czechia,2020-02-29,0,0,0,0,10649800
Czechia,2020-03-01,0,0,0,0,10649800
Czechia,2020-03-02,3,0,3,0,10649800
Czechia,2020-03-03,2,0,5,0,10649800
Czechia,2020-03-04,0,0,5,0,10649800
Czechia,2020-03-05,3,0,8,0,10649800
Czechia,2020-03-06,4,0,12,0,10649800
Czechia,2020-03-07,7,0,19,0,10649800
Czechia,2020-03-08,7,0,26,0,10649800
Czechia,2020-03-09,6,0,32,0,10649800
Czechia,2020-03-10,8,0,40,0,10649800
Czechia,2020-03-11,23,0,63,0,10649800
Czechia,2020-03-12,31,0,94,0,10649800
Czechia,2020-03-13,22,0,116,0,10649800
Czechia,2020-03-14,34,0,150,0,10649800
Czechia,2020-03-15,64,0,214,0,10649800
Czechia,2020-03-16,84,0,298,0,10649800
Czechia,2020-03-17,46,0,344,0,10649800
Czechia,2020-03-18,90,0,434,0,10649800
Czechia,2020-03-19,88,0,522,0,10649800
Czechia,2020-03-20,172,0,694,0,10649800
Czechia,2020-03-21,210,0,904,0,10649800
Czechia,2020-03-22,91,0,995,0,10649800
Czechia,2020-03-24,71,0,1236,1,10649800
Czechia,2020-03-28,217,0,2279,9,10649800
Czechia,2020-04-30,75,0,7579,227,10649800
Czechia,2020-05-19,111,0,8586,297,10649800
Czechia,2020-05-27,46,0,9050,317,10649800
Czechia,2020-05-28,36,0,9086,317,10649800
Czechia,2020-05-30,56,0,9196,319,10649800
Czechia,2020-05-31,34,0,9230,319,10649800
Czechia,2020-06-07,38,0,9567,327,10649800
Czechia,2020-06-08,61,0,9628,327,10649800
Czechia,2020-06-10,54,0,9751,328,10649800
Czechia,2020-06-11,73,0,9824,328,10649800
Czechia,2020-06-13,52,0,9938,329,10649800
Czechia,2020-06-14,53,0,9991,329,10649800
Czechia,2020-06-15,33,0,10024,329,10649800
Czechia,2020-06-22,50,0,10498,336,10649800
Czechia,2020-06-23,63,0,10561,336,10649800
Czechia,2020-06-27,168,0,11038,345,10649800
Czechia,2020-06-30,202,0,11805,348,10649800
Czechia,2020-07-02,92,0,12046,349,10649800
Czechia,2020-07-09,129,0,12814,351,10649800
Czechia,2020-07-11,143,0,13062,352,10649800
Czechia,2020-07-12,53,0,13115,352,10649800
Czechia,2020-07-13,59,0,13174,352,10649800
Czechia,2020-07-16,134,0,13475,355,10649800
Czechia,2020-07-17,137,0,13612,355,10649800
Czechia,2020-07-19,113,0,13855,358,10649800
Czechia,2020-07-21,153,0,14098,359,10649800
Czechia,2020-07-26,131,0,15212,368,10649800
Czechia,2020-07-29,283,0,15799,373,10649800
Czechia,2020-08-03,101,0,16800,383,10649800
Czechia,2020-08-04,208,0,17008,383,10649800
Czechia,2020-08-05,278,0,17286,383,10649800
Czechia,2020-08-08,320,0,18060,389,10649800
Czechia,2020-08-09,175,0,18235,389,10649800
Czechia,2020-08-10,120,0,18355,389,10649800
Czechia,2020-08-11,139,0,18494,389,10649800
Czechia,2020-08-13,292,0,19075,391,10649800
Czechia,2020-08-14,326,0,19401,391,10649800
Czechia,2020-08-23,239,0,21790,411,10649800
Czechia,2020-08-28,349,0,23300,418,10649800
Czechia,2020-09-03,656,0,25773,425,10649800
Czechia,2020-03-23,170,1,1165,1,10649800
Czechia,2020-05-13,45,1,8221,283,10649800
Czechia,2020-05-17,49,1,8455,296,10649800
Czechia,2020-05-18,20,1,8475,297,10649800
Czechia,2020-05-25,67,1,8957,315,10649800
Czechia,2020-06-01,43,1,9273,320,10649800
Czechia,2020-06-02,29,1,9302,321,10649800
Czechia,2020-06-04,74,1,9438,324,10649800
Czechia,2020-06-06,35,1,9529,327,10649800
Czechia,2020-06-09,69,1,9697,328,10649800
Czechia,2020-06-12,62,1,9886,329,10649800
Czechia,2020-06-16,40,1,10064,330,10649800
Czechia,2020-06-17,47,1,10111,331,10649800
Czechia,2020-06-19,68,1,10230,334,10649800
Czechia,2020-06-20,176,1,10406,335,10649800
Czechia,2020-06-21,42,1,10448,336,10649800
Czechia,2020-06-29,305,1,11603,348,10649800
Czechia,2020-07-01,149,1,11954,349,10649800
Czechia,2020-07-04,141,1,12319,352,10649800
Czechia,2020-07-08,119,1,12685,351,10649800
Czechia,2020-07-10,105,1,12919,352,10649800
Czechia,2020-07-14,64,1,13238,353,10649800
Czechia,2020-07-20,90,1,13945,359,10649800
Czechia,2020-07-22,226,1,14324,360,10649800
Czechia,2020-07-24,230,1,14800,365,10649800
Czechia,2020-07-30,294,1,16093,374,10649800
Czechia,2020-08-02,125,1,16699,383,10649800
Czechia,2020-08-07,211,1,17740,389,10649800
Czechia,2020-08-16,198,1,19891,395,10649800
Czechia,2020-08-24,133,1,21923,412,10649800
Czechia,2020-08-26,367,1,22548,416,10649800
Czechia,2020-08-29,477,1,23777,419,10649800
Czechia,2020-09-01,251,1,24618,424,10649800
Czechia,2020-09-02,499,1,25117,425,10649800
Czechia,2020-09-04,679,1,26452,426,10649800
Czechia,2020-09-08,560,1,28716,437,10649800
Czechia,2020-03-25,158,2,1394,3,10649800
Czechia,2020-03-29,384,2,2663,11,10649800
Czechia,2020-04-25,85,2,7273,215,10649800
Czechia,2020-04-28,45,2,7449,223,10649800
Czechia,2020-05-12,53,2,8176,282,10649800
Czechia,2020-05-16,55,2,8406,295,10649800
Czechia,2020-05-21,74,2,8721,304,10649800
Czechia,2020-05-22,33,2,8754,306,10649800
Czechia,2020-05-24,77,2,8890,314,10649800
Czechia,2020-05-26,47,2,9004,317,10649800
Czechia,2020-05-29,54,2,9140,319,10649800
Czechia,2020-06-03,62,2,9364,323,10649800
Czechia,2020-06-05,56,2,9494,326,10649800
Czechia,2020-06-18,51,2,10162,333,10649800
Czechia,2020-06-26,93,2,10870,345,10649800
Czechia,2020-06-28,260,2,11298,347,10649800
Czechia,2020-07-03,132,2,12178,351,10649800
Czechia,2020-07-07,51,2,12566,350,10649800
Czechia,2020-07-15,103,2,13341,355,10649800
Czechia,2020-07-28,192,2,15516,373,10649800
Czechia,2020-08-12,289,2,18783,391,10649800
Czechia,2020-08-17,121,2,20012,397,10649800
Czechia,2020-08-18,190,2,20202,399,10649800
Czechia,2020-08-19,281,2,20483,401,10649800
Czechia,2020-08-21,247,2,21045,406,10649800
Czechia,2020-08-27,403,2,22951,418,10649800
Czechia,2020-08-30,317,2,24094,421,10649800
Czechia,2020-08-31,273,2,24367,423,10649800
Czechia,2020-09-06,503,2,27752,431,10649800
Czechia,2020-09-12,1447,2,33860,450,10649800
Czechia,2020-03-26,260,3,1654,6,10649800
Czechia,2020-03-27,408,3,2062,9,10649800
Czechia,2020-04-17,130,3,6433,169,10649800
Czechia,2020-04-24,52,3,7188,213,10649800
Czechia,2020-04-26,79,3,7352,218,10649800
Czechia,2020-04-27,52,3,7404,221,10649800
Czechia,2020-05-04,26,3,7781,248,10649800
Czechia,2020-05-09,46,3,8077,273,10649800
Czechia,2020-05-10,18,3,8095,276,10649800
Czechia,2020-05-15,82,3,8351,293,10649800
Czechia,2020-06-24,89,3,10650,339,10649800
Czechia,2020-07-18,130,3,13742,358,10649800
Czechia,2020-07-25,281,3,15081,368,10649800
Czechia,2020-07-27,112,3,15324,371,10649800
Czechia,2020-08-01,232,3,16574,382,10649800
Czechia,2020-08-15,292,3,19693,394,10649800
Czechia,2020-08-20,315,3,20798,404,10649800
Czechia,2020-08-25,258,3,22181,415,10649800
Czechia,2020-09-05,797,3,27249,429,10649800
Czechia,2020-09-10,1159,3,31036,444,10649800
Czechia,2020-09-13,1541,3,35401,453,10649800
Czechia,2020-09-14,787,3,36188,456,10649800
Czechia,2020-04-18,116,4,6549,173,10649800
Czechia,2020-04-29,55,4,7504,227,10649800
Czechia,2020-05-02,55,4,7737,240,10649800
Czechia,2020-05-05,38,4,7819,252,10649800
Czechia,2020-05-11,28,4,8123,280,10649800
Czechia,2020-06-25,127,4,10777,343,10649800
Czechia,2020-07-23,246,4,14570,364,10649800
Czechia,2020-09-09,1161,4,29877,441,10649800
Czechia,2020-09-11,1377,4,32413,448,10649800
Czechia,2020-09-20,2044,4,48306,499,10649800
Czechia,2020-09-21,934,4,49240,503,10649800
Czechia,2020-03-30,166,5,2829,16,10649800
Czechia,2020-04-03,269,5,3858,44,10649800
Czechia,2020-04-14,68,5,6059,143,10649800
Czechia,2020-04-16,162,5,6303,166,10649800
Czechia,2020-04-22,127,5,7041,201,10649800
Czechia,2020-05-03,18,5,7755,245,10649800
Czechia,2020-05-06,77,5,7896,257,10649800
Czechia,2020-05-07,78,5,7974,262,10649800
Czechia,2020-05-20,61,5,8647,302,10649800
Czechia,2020-07-31,249,5,16342,379,10649800
Czechia,2020-08-06,243,5,17529,388,10649800
Czechia,2020-08-22,506,5,21551,411,10649800
Czechia,2020-09-07,404,5,28156,436,10649800
Czechia,2020-04-05,282,6,4472,59,10649800
Czechia,2020-05-23,59,6,8813,312,10649800
Czechia,2020-09-17,2136,6,41032,482,10649800
Czechia,2020-09-19,2107,6,46262,495,10649800
Czechia,2020-04-01,306,7,3308,31,10649800
Czechia,2020-04-11,163,7,5732,119,10649800
Czechia,2020-04-20,133,7,6787,188,10649800
Czechia,2020-05-14,48,7,8269,290,10649800
Czechia,2020-09-18,3123,7,44155,489,10649800
Czechia,2020-03-31,173,8,3002,24,10649800
Czechia,2020-04-02,281,8,3589,39,10649800
Czechia,2020-04-06,115,8,4587,67,10649800
Czechia,2020-04-19,105,8,6654,181,10649800
Czechia,2020-04-21,127,8,6914,196,10649800
Czechia,2020-05-08,57,8,8031,270,10649800
Czechia,2020-04-04,332,9,4190,53,10649800
Czechia,2020-04-13,89,9,5991,138,10649800
Czechia,2020-04-23,95,9,7136,210,10649800
Czechia,2020-05-01,103,9,7682,236,10649800
Czechia,2020-09-15,1034,9,37222,465,10649800
Czechia,2020-09-23,2394,9,53158,531,10649800
Czechia,2020-04-08,195,10,5017,88,10649800
Czechia,2020-04-12,170,10,5902,129,10649800
Czechia,2020-09-27,1976,10,63294,591,10649800
Czechia,2020-04-07,235,11,4822,78,10649800
Czechia,2020-04-09,295,11,5312,99,10649800
Czechia,2020-09-16,1674,11,38896,476,10649800
Czechia,2020-09-25,2910,12,58374,567,10649800
Czechia,2020-09-29,1286,12,65883,618,10649800
Czechia,2020-10-04,2554,12,80605,711,10649800
Czechia,2020-04-10,257,13,5569,112,10649800
Germany,2020-03-20,5940,30,14138,43,83019213
Germany,2020-03-22,3276,22,21463,67,83019213
Germany,2020-03-23,3311,27,24774,94,83019213
Germany,2020-03-24,4438,32,29212,126,83019213
Germany,2020-03-25,2342,23,31554,149,83019213
Germany,2020-03-26,4954,49,36508,198,83019213
Germany,2020-03-27,5780,55,42288,253,83019213
Germany,2020-03-28,6294,72,48582,325,83019213
Germany,2020-03-29,3965,64,52547,389,83019213
Germany,2020-03-30,4751,66,57298,455,83019213
Germany,2020-03-31,4615,128,61913,583,83019213
Germany,2020-04-01,5453,149,67366,732,83019213
Germany,2020-04-02,6156,140,73522,872,83019213
Germany,2020-04-03,6174,145,79696,1017,83019213
Germany,2020-04-04,6082,141,85778,1158,83019213
Germany,2020-04-05,5936,184,91714,1342,83019213
Germany,2020-04-06,3677,92,95391,1434,83019213
Germany,2020-04-07,3834,173,99225,1607,83019213
Germany,2020-04-08,4003,254,103228,1861,83019213
Germany,2020-04-09,4974,246,108202,2107,83019213
Germany,2020-04-10,5323,266,113525,2373,83019213
Germany,2020-04-11,4133,171,117658,2544,83019213
Germany,2020-04-12,2821,129,120479,2673,83019213
Germany,2020-04-13,2537,126,123016,2799,83019213
Germany,2020-04-14,2082,170,125098,2969,83019213
Germany,2020-04-15,2486,285,127584,3254,83019213
Germany,2020-04-16,2866,315,130450,3569,83019213
Germany,2020-04-17,3380,299,133830,3868,83019213
Germany,2020-04-18,3609,242,137439,4110,83019213
Germany,2020-04-19,2458,184,139897,4294,83019213
Germany,2020-04-20,1775,110,141672,4404,83019213
Germany,2020-04-21,1785,194,143457,4598,83019213
Germany,2020-04-22,2237,281,145694,4879,83019213
Germany,2020-04-23,2352,215,148046,5094,83019213
Germany,2020-04-24,2337,227,150383,5321,83019213
Germany,2020-04-25,2055,179,152438,5500,83019213
Germany,2020-04-26,1737,140,154175,5640,83019213
Germany,2020-04-27,1018,110,155193,5750,83019213
Germany,2020-04-28,1144,163,156337,5913,83019213
Germany,2020-04-29,1304,202,157641,6115,83019213
Germany,2020-04-30,1478,173,159119,6288,83019213
Germany,2020-05-01,1639,193,160758,6481,83019213
Germany,2020-05-02,945,94,161703,6575,83019213
Germany,2020-05-03,793,74,162496,6649,83019213
Germany,2020-05-04,679,43,163175,6692,83019213
Germany,2020-05-05,685,139,163860,6831,83019213
Germany,2020-05-06,947,165,164807,6996,83019213
Germany,2020-05-07,1284,123,166091,7119,83019213
Germany,2020-05-08,1209,147,167300,7266,83019213
Germany,2020-05-09,1251,103,168551,7369,83019213
Germany,2020-05-10,667,26,169218,7395,83019213
Germany,2020-05-11,357,22,169575,7417,83019213
Germany,2020-05-12,933,116,170508,7533,83019213
Germany,2020-05-13,798,101,171306,7634,83019213
Germany,2020-05-14,933,89,172239,7723,83019213
Germany,2020-05-15,913,101,173152,7824,83019213
Germany,2020-05-16,620,57,173772,7881,83019213
Germany,2020-05-17,583,33,174355,7914,83019213
Germany,2020-05-18,342,21,174697,7935,83019213
Germany,2020-05-19,513,72,175210,8007,83019213
Germany,2020-05-20,797,83,176007,8090,83019213
Germany,2020-05-21,745,57,176752,8147,83019213
Germany,2020-05-22,460,27,177212,8174,83019213
Germany,2020-05-23,638,42,177850,8216,83019213
Germany,2020-05-24,431,31,178281,8247,83019213
Germany,2020-05-26,432,45,179002,8302,83019213
Germany,2020-05-27,362,47,179364,8349,83019213
Germany,2020-05-28,353,62,179717,8411,83019213
Germany,2020-05-29,741,39,180458,8450,83019213
Germany,2020-05-30,738,39,181196,8489,83019213
Germany,2020-06-03,342,29,182370,8551,83019213
Germany,2020-06-04,394,30,182764,8581,83019213
Germany,2020-06-05,507,32,183271,8613,83019213
Germany,2020-06-06,407,33,183678,8646,83019213
Germany,2020-06-07,301,22,183979,8668,83019213
Germany,2020-06-09,350,37,184543,8711,83019213
Germany,2020-06-10,318,18,184861,8729,83019213
Germany,2020-06-11,555,26,185416,8755,83019213
Germany,2020-06-13,348,18,186022,8781,83019213
Germany,2020-06-17,345,30,187184,8830,83019213
Germany,2020-06-18,580,26,187764,8856,83019213
Germany,2020-06-19,770,16,188534,8872,83019213
Germany,2020-06-24,587,19,191449,8914,83019213
Germany,2020-06-26,477,21,192556,8948,83019213
Germany,2020-08-14,1449,14,221413,9225,83019213
Germany,2020-09-24,2143,19,278070,9428,83019213
Germany,2020-09-25,2153,15,280223,9443,83019213
Germany,2020-09-30,1798,17,289219,9488,83019213
Germany,2020-10-03,2563,19,296958,9527,83019213
Germany,2020-10-07,2828,16,306086,9562,83019213
Germany,2020-10-08,4058,16,310144,9578,83019213
Germany,2020-10-10,4721,15,319381,9604,83019213
Germany,2020-10-14,5132,43,334585,9677,83019213
Germany,2020-10-15,6638,33,341223,9710,83019213
Germany,2020-10-16,7334,24,348557,9734,83019213
Germany,2020-10-17,7830,33,356387,9767,83019213
Germany,2020-10-20,6868,47,373167,9836,83019213
Germany,2020-10-21,7595,39,380762,9875,83019213
Germany,2020-10-22,11287,30,392049,9905,83019213
Germany,2020-10-23,11242,49,403291,9954,83019213
Germany,2020-10-24,14714,49,418005,10003,83019213
Germany,2020-10-25,11176,29,429181,10032,83019213
Germany,2020-10-26,8685,24,437866,10056,83019213
Germany,2020-10-27,11409,42,449275,10098,83019213
Germany,2020-10-28,14964,85,464239,10183,83019213
Germany,2020-10-29,16774,89,481013,10272,83019213
Germany,2020-10-30,18681,77,499694,10349,83019213
Germany,2020-10-31,19059,103,518753,10452,83019213
Germany,2020-11-01,14177,29,532930,10481,83019213
Germany,2020-11-02,12097,49,545027,10530,83019213
Germany,2020-11-03,15352,131,560379,10661,83019213
Germany,2020-11-04,17214,151,577593,10812,83019213
Germany,2020-11-05,19990,118,597583,10930,83019213
Germany,2020-11-06,21506,166,619089,11096,83019213
Germany,2020-11-07,23399,130,642488,11226,83019213
Germany,2020-11-08,16017,63,658505,11289,83019213
Germany,2020-11-09,13363,63,671868,11352,83019213
Germany,2020-11-10,15332,154,687200,11506,83019213
Germany,2020-11-11,18487,261,705687,11767,83019213
Germany,2020-11-12,21866,215,727553,11982,83019213
Germany,2020-11-13,23542,218,751095,12200,83019213
Germany,2020-11-14,22461,178,773556,12378,83019213
Germany,2020-11-15,16947,107,790503,12485,83019213
Germany,2020-11-16,10824,62,801327,12547,83019213
Germany,2020-11-17,14419,267,815746,12814,83019213
Germany,2020-11-18,17561,305,833307,13119,83019213
Germany,2020-11-19,22609,251,855916,13370,83019213
Germany,2020-11-20,23648,260,879564,13630,83019213
Germany,2020-11-21,22964,254,902528,13884,83019213
Germany,2020-11-22,15741,138,918269,14022,83019213
Germany,2020-11-23,10864,90,929133,14112,83019213
Germany,2020-11-24,13554,249,942687,14361,83019213
Germany,2020-11-25,18633,410,961320,14771,83019213
Germany,2020-11-26,22268,389,983588,15160,83019213
Germany,2020-11-27,22806,426,1006394,15586,83019213
Germany,2020-11-28,21695,379,1028089,15965,83019213
Germany,2020-11-29,14611,158,1042700,16123,83019213
Germany,2020-11-30,11169,125,1053869,16248,83019213
Germany,2020-12-01,13604,388,1067473,16636,83019213
Germany,2020-12-02,17270,487,1084743,17123,83019213
Germany,2020-12-03,22046,479,1106789,17602,83019213
Germany,2020-12-04,23448,432,1130237,18034,83019213
Germany,2020-12-05,23318,483,1153555,18517,83019213
Germany,2020-12-06,17767,255,1171322,18772,83019213
Germany,2020-12-07,12332,147,1183654,18919,83019213
Germany,2020-12-08,14055,423,1197709,19342,83019213
Germany,2020-12-09,20815,590,1218524,19932,83019213
Germany,2020-12-10,23679,440,1242203,20372,83019213
Germany,2020-12-11,29875,598,1272078,20970,83019213
Germany,2020-12-12,28438,496,1300516,21466,83019213
Germany,2020-12-13,20200,321,1320716,21787,83019213
Germany,2020-12-14,16362,188,1337078,21975,83019213
Germany,2020-01-01,0,0,0,0,83019213
Germany,2020-01-02,0,0,0,0,83019213
Germany,2020-01-03,0,0,0,0,83019213
Germany,2020-01-04,0,0,0,0,83019213
Germany,2020-01-05,0,0,0,0,83019213
Germany,2020-01-06,0,0,0,0,83019213
Germany,2020-01-07,0,0,0,0,83019213
Germany,2020-01-08,0,0,0,0,83019213
Germany,2020-01-09,0,0,0,0,83019213
Germany,2020-01-10,0,0,0,0,83019213
Germany,2020-01-11,0,0,0,0,83019213
Germany,2020-01-12,0,0,0,0,83019213
Germany,2020-01-13,0,0,0,0,83019213
Germany,2020-01-14,0,0,0,0,83019213
Germany,2020-01-15,0,0,0,0,83019213
Germany,2020-01-16,0,0,0,0,83019213
Germany,2020-01-17,0,0,0,0,83019213
Germany,2020-01-18,0,0,0,0,83019213
Germany,2020-01-19,0,0,0,0,83019213
Germany,2020-01-20,0,0,0,0,83019213
Germany,2020-01-21,0,0,0,0,83019213
Germany,2020-01-22,0,0,0,0,83019213
Germany,2020-01-23,0,0,0,0,83019213
Germany,2020-01-24,0,0,0,0,83019213
Germany,2020-01-25,0,0,0,0,83019213
Germany,2020-01-26,0,0,0,0,83019213
Germany,2020-01-27,0,0,0,0,83019213
Germany,2020-01-28,1,0,1,0,83019213
Germany,2020-01-29,3,0,4,0,83019213
Germany,2020-01-30,0,0,4,0,83019213
Germany,2020-01-31,1,0,5,0,83019213
Germany,2020-02-01,2,0,7,0,83019213
Germany,2020-02-02,1,0,8,0,83019213
Germany,2020-02-03,1,0,9,0,83019213
Germany,2020-02-04,2,0,11,0,83019213
Germany,2020-02-05,0,0,11,0,83019213
Germany,2020-02-06,0,0,11,0,83019213
Germany,2020-02-07,1,0,12,0,83019213
Germany,2020-02-08,1,0,13,0,83019213
Germany,2020-02-09,0,0,13,0,83019213
Germany,2020-02-10,0,0,13,0,83019213
Germany,2020-02-11,0,0,13,0,83019213
Germany,2020-02-12,2,0,15,0,83019213
Germany,2020-02-13,0,0,15,0,83019213
Germany,2020-02-14,0,0,15,0,83019213
Germany,2020-02-15,0,0,15,0,83019213
Germany,2020-02-16,0,0,15,0,83019213
Germany,2020-02-17,0,0,15,0,83019213
Germany,2020-02-18,0,0,15,0,83019213
Germany,2020-02-19,0,0,15,0,83019213
Germany,2020-02-20,0,0,15,0,83019213
Germany,2020-02-21,0,0,15,0,83019213
Germany,2020-02-22,0,0,15,0,83019213
Germany,2020-02-23,0,0,15,0,83019213
Germany,2020-02-24,0,0,15,0,83019213
Germany,2020-02-25,0,0,15,0,83019213
Germany,2020-02-26,2,0,17,0,83019213
Germany,2020-02-27,4,0,21,0,83019213
Germany,2020-02-28,26,0,47,0,83019213
Germany,2020-02-29,10,0,57,0,83019213
Germany,2020-03-01,54,0,111,0,83019213
Germany,2020-03-02,18,0,129,0,83019213
Germany,2020-03-03,28,0,157,0,83019213
Germany,2020-03-04,39,0,196,0,83019213
Germany,2020-03-05,66,0,262,0,83019213
Germany,2020-03-06,138,0,400,0,83019213
Germany,2020-03-07,284,0,684,0,83019213
Germany,2020-03-08,163,0,847,0,83019213
Germany,2020-03-09,55,0,902,0,83019213
Germany,2020-03-11,157,0,1296,2,83019213
Germany,2020-03-14,693,0,3062,5,83019213
Germany,2020-03-18,1144,0,7156,13,83019213
Germany,2020-03-19,1042,0,8198,13,83019213
Germany,2020-06-21,687,0,189822,8882,83019213
Germany,2020-07-26,305,0,205269,9118,83019213
Germany,2020-07-27,340,0,205609,9118,83019213
Germany,2020-08-01,955,0,209653,9141,83019213
Germany,2020-08-02,240,0,209893,9141,83019213
Germany,2020-08-16,625,0,223453,9231,83019213
Germany,2020-09-07,814,0,250799,9325,83019213
Germany,2020-09-21,922,0,272337,9386,83019213
Germany,2020-03-12,271,1,1567,3,83019213
Germany,2020-03-17,1174,1,6012,13,83019213
Germany,2020-07-13,159,1,198963,9064,83019213
Germany,2020-07-18,529,1,201372,9083,83019213
Germany,2020-07-19,202,1,201574,9084,83019213
Germany,2020-08-09,555,1,215891,9196,83019213
Germany,2020-08-10,436,1,216327,9197,83019213
Germany,2020-08-17,561,1,224014,9232,83019213
Germany,2020-08-29,1479,1,240986,9289,83019213
Germany,2020-09-04,1453,1,247619,9322,83019213
Germany,2020-09-06,988,1,249985,9325,83019213
Germany,2020-09-11,1484,1,256850,9342,83019213
Germany,2020-09-14,927,1,260355,9350,83019213
Germany,2020-03-10,237,2,1139,2,83019213
Germany,2020-03-13,802,2,2369,5,83019213
Germany,2020-03-21,4049,2,18187,45,83019213
Germany,2020-07-05,239,2,196335,9012,83019213
Germany,2020-07-20,249,2,201823,9086,83019213
Germany,2020-08-23,782,2,232864,9269,83019213
Germany,2020-09-05,1378,2,248997,9324,83019213
Germany,2020-09-13,948,2,259428,9349,83019213
Germany,2020-09-20,1345,2,271415,9386,83019213
Germany,2020-10-04,2279,2,299237,9529,83019213
Germany,2020-03-15,733,3,3795,8,83019213
Germany,2020-06-22,537,3,190359,8885,83019213
Germany,2020-06-28,256,3,193499,8957,83019213
Germany,2020-07-12,248,3,198804,9063,83019213
Germany,2020-07-15,351,3,199726,9071,83019213
Germany,2020-08-24,711,3,233575,9272,83019213
Germany,2020-08-26,1576,3,236429,9280,83019213
Germany,2020-08-28,1571,3,239507,9288,83019213
Germany,2020-08-31,610,3,242381,9298,83019213
Germany,2020-09-10,1892,3,255366,9341,83019213
Germany,2020-09-17,2194,3,265857,9371,83019213
Germany,2020-09-28,1192,3,285332,9460,83019213
Germany,2020-03-16,1043,4,4838,12,83019213
Germany,2020-06-15,192,4,186461,8791,83019213
Germany,2020-06-29,262,4,193761,8961,83019213
Germany,2020-07-06,219,4,196554,9016,83019213
Germany,2020-07-14,412,4,199375,9068,83019213
Germany,2020-07-17,583,4,200843,9082,83019213
Germany,2020-07-21,522,4,202345,9090,83019213
Germany,2020-07-28,633,4,206242,9122,83019213
Germany,2020-08-11,966,4,217293,9201,83019213
Germany,2020-08-13,1445,4,219964,9211,83019213
Germany,2020-08-18,1390,4,225404,9236,83019213
Germany,2020-09-01,1218,4,243599,9302,83019213
Germany,2020-09-08,1499,4,252298,9329,83019213
Germany,2020-07-22,454,5,202799,9095,83019213
Germany,2020-08-25,1278,5,234853,9277,83019213
Germany,2020-08-27,1507,5,237936,9285,83019213
Germany,2020-09-12,1630,5,258480,9347,83019213
Germany,2020-09-27,1410,5,284140,9457,83019213
Germany,2020-10-05,1382,5,300619,9534,83019213
Germany,2020-06-08,214,6,184193,8674,83019213
Germany,2020-06-14,247,6,186269,8787,83019213
Germany,2020-06-27,687,6,193243,8954,83019213
Germany,2020-07-10,395,6,198178,9054,83019213
Germany,2020-07-11,378,6,198556,9060,83019213
Germany,2020-07-23,569,6,203368,9101,83019213
Germany,2020-07-29,684,6,206926,9128,83019213
Germany,2020-07-30,902,6,207828,9134,83019213
Germany,2020-08-12,1226,6,218519,9207,83019213
Germany,2020-08-15,1415,6,222828,9231,83019213
Germany,2020-08-30,785,6,241771,9295,83019213
Germany,2020-09-16,1901,6,263663,9368,83019213
Germany,2020-09-19,2297,6,270070,9384,83019213
Germany,2020-10-12,2467,6,325331,9621,83019213
Germany,2020-07-04,422,7,196096,9010,83019213
Germany,2020-07-16,534,7,200260,9078,83019213
Germany,2020-07-25,781,7,204964,9118,83019213
Germany,2020-07-31,870,7,208698,9141,83019213
Germany,2020-08-03,509,7,210402,9148,83019213
Germany,2020-08-06,1045,7,213067,9175,83019213
Germany,2020-08-19,1510,7,226914,9243,83019213
Germany,2020-08-21,1427,7,230048,9260,83019213
Germany,2020-08-22,2034,7,232082,9267,83019213
Germany,2020-09-18,1916,7,267773,9378,83019213
Germany,2020-06-12,258,8,185674,8763,83019213
Germany,2020-07-07,390,8,196944,9024,83019213
Germany,2020-08-04,879,8,211281,9156,83019213
Germany,2020-08-07,1147,8,214214,9183,83019213
Germany,2020-09-03,1311,8,246166,9321,83019213
Germany,2020-10-02,2673,8,294395,9508,83019213
Germany,2020-06-16,378,9,186839,8800,83019213
Germany,2020-07-02,503,9,195228,8994,83019213
Germany,2020-07-03,446,9,195674,9003,83019213
Germany,2020-09-09,1176,9,253474,9338,83019213
Germany,2020-09-26,2507,9,282730,9452,83019213
Germany,2020-05-25,289,10,178570,8257,83019213
Germany,2020-06-20,601,10,189135,8882,83019213
Germany,2020-06-23,503,10,190862,8895,83019213
Germany,2020-07-24,815,10,204183,9111,83019213
Germany,2020-08-20,1707,10,228621,9253,83019213
Germany,2020-09-22,1821,10,274158,9396,83019213
Germany,2020-10-18,5587,10,361974,9777,83019213
Germany,2020-05-31,286,11,181482,8500,83019213
Germany,2020-06-01,333,11,181815,8511,83019213
Germany,2020-06-02,213,11,182028,8522,83019213
Germany,2020-09-02,1256,11,244855,9313,83019213
Germany,2020-09-29,2089,11,287421,9471,83019213
Germany,2020-10-09,4516,11,314660,9589,83019213
Germany,2020-10-11,3483,11,322864,9615,83019213
Germany,2020-06-30,498,12,194259,8973,83019213
Germany,2020-07-01,466,12,194725,8985,83019213
Germany,2020-07-08,397,12,197341,9036,83019213
Germany,2020-07-09,442,12,197783,9048,83019213
Germany,2020-08-05,741,12,212022,9168,83019213
Germany,2020-08-08,1122,12,215336,9195,83019213
Germany,2020-09-15,1407,12,261762,9362,83019213
Germany,2020-10-01,2503,12,291722,9500,83019213
Germany,2020-10-06,2639,12,303258,9546,83019213
Germany,2020-10-19,4325,12,366299,9789,83019213
Germany,2020-06-25,630,13,192079,8927,83019213
Germany,2020-09-23,1769,13,275927,9409,83019213
Germany,2020-10-13,4122,13,329453,9634,83019213
Croatia,2020-10-25,2242,16,33959,429,4076246
Croatia,2020-10-27,828,15,37208,452,4076246
Croatia,2020-10-28,1413,18,38621,470,4076246
Croatia,2020-10-29,2378,23,40999,493,4076246
Croatia,2020-10-30,2776,18,43775,511,4076246
Croatia,2020-10-31,2772,20,46547,531,4076246
Croatia,2020-11-01,2769,15,49316,546,4076246
Croatia,2020-11-02,2179,16,51495,562,4076246
Croatia,2020-11-03,1165,32,52660,594,4076246
Croatia,2020-11-04,1427,34,54087,628,4076246
Croatia,2020-11-05,2480,26,56567,654,4076246
Croatia,2020-11-06,2848,29,59415,683,4076246
Croatia,2020-11-07,2890,34,62305,717,4076246
Croatia,2020-11-08,2399,35,64704,752,4076246
Croatia,2020-11-09,2543,42,67247,794,4076246
Croatia,2020-11-10,1529,38,68776,832,4076246
Croatia,2020-11-11,1467,33,70243,865,4076246
Croatia,2020-11-12,2597,28,72840,893,4076246
Croatia,2020-11-13,3082,32,75922,925,4076246
Croatia,2020-11-14,3056,43,78978,968,4076246
Croatia,2020-11-15,2866,38,81844,1006,4076246
Croatia,2020-11-16,2362,43,84206,1049,4076246
Croatia,2020-11-17,1313,33,85519,1082,4076246
Croatia,2020-11-18,1945,31,87464,1113,4076246
Croatia,2020-11-19,3251,38,90715,1151,4076246
Croatia,2020-11-20,3164,49,93879,1200,4076246
Croatia,2020-11-21,2958,57,96837,1257,4076246
Croatia,2020-11-22,3573,47,100410,1304,4076246
Croatia,2020-11-23,3308,49,103718,1353,4076246
Croatia,2020-11-24,1973,45,105691,1398,4076246
Croatia,2020-11-25,2323,47,108014,1445,4076246
Croatia,2020-11-26,3603,56,111617,1501,4076246
Croatia,2020-11-27,4009,51,115626,1552,4076246
Croatia,2020-11-28,4080,48,119706,1600,4076246
Croatia,2020-11-29,3987,55,123693,1655,4076246
Croatia,2020-11-30,2919,57,126612,1712,4076246
Croatia,2020-12-01,1830,74,128442,1786,4076246
Croatia,2020-12-02,2900,75,131342,1861,4076246
Croatia,2020-12-03,3539,55,134881,1916,4076246
Croatia,2020-12-04,4534,48,139415,1964,4076246
Croatia,2020-12-05,3955,68,143370,2032,4076246
Croatia,2020-12-06,4084,70,147454,2102,4076246
Croatia,2020-12-07,2899,72,150353,2174,4076246
Croatia,2020-12-08,1886,59,152239,2233,4076246
Croatia,2020-12-09,2613,65,154852,2298,4076246
Croatia,2020-12-10,4520,69,159372,2367,4076246
Croatia,2020-12-11,4620,53,163992,2420,4076246
Croatia,2020-12-12,4396,64,168388,2484,4076246
Croatia,2020-12-13,4135,78,172523,2562,4076246
Croatia,2020-12-14,3363,78,175886,2640,4076246
Croatia,2020-01-01,0,0,0,0,4076246
Croatia,2020-01-02,0,0,0,0,4076246
Croatia,2020-01-03,0,0,0,0,4076246
Croatia,2020-01-04,0,0,0,0,4076246
Croatia,2020-01-05,0,0,0,0,4076246
Croatia,2020-01-06,0,0,0,0,4076246
Croatia,2020-01-07,0,0,0,0,4076246
Croatia,2020-01-08,0,0,0,0,4076246
Croatia,2020-01-09,0,0,0,0,4076246
Croatia,2020-01-10,0,0,0,0,4076246
Croatia,2020-01-11,0,0,0,0,4076246
Croatia,2020-01-12,0,0,0,0,4076246
Croatia,2020-01-13,0,0,0,0,4076246
Croatia,2020-01-14,0,0,0,0,4076246
Croatia,2020-01-15,0,0,0,0,4076246
Croatia,2020-01-16,0,0,0,0,4076246
Croatia,2020-01-17,0,0,0,0,4076246
Croatia,2020-01-18,0,0,0,0,4076246
Croatia,2020-01-19,0,0,0,0,4076246
Croatia,2020-01-20,0,0,0,0,4076246
Croatia,2020-01-21,0,0,0,0,4076246
Croatia,2020-01-22,0,0,0,0,4076246
Croatia,2020-01-23,0,0,0,0,4076246
Croatia,2020-01-24,0,0,0,0,4076246
Croatia,2020-01-25,0,0,0,0,4076246
Croatia,2020-01-26,0,0,0,0,4076246
Croatia,2020-01-27,0,0,0,0,4076246
Croatia,2020-01-28,0,0,0,0,4076246
Croatia,2020-01-29,0,0,0,0,4076246
Croatia,2020-01-30,0,0,0,0,4076246
Croatia,2020-01-31,0,0,0,0,4076246
Croatia,2020-02-01,0,0,0,0,4076246
Croatia,2020-02-02,0,0,0,0,4076246
Croatia,2020-02-03,0,0,0,0,4076246
Croatia,2020-02-04,0,0,0,0,4076246
Croatia,2020-02-05,0,0,0,0,4076246
Croatia,2020-02-06,0,0,0,0,4076246
Croatia,2020-02-07,0,0,0,0,4076246
Croatia,2020-02-08,0,0,0,0,4076246
Croatia,2020-02-09,0,0,0,0,4076246
Croatia,2020-02-10,0,0,0,0,4076246
Croatia,2020-02-11,0,0,0,0,4076246
Croatia,2020-02-12,0,0,0,0,4076246
Croatia,2020-02-13,0,0,0,0,4076246
Croatia,2020-02-14,0,0,0,0,4076246
Croatia,2020-02-15,0,0,0,0,4076246
Croatia,2020-02-16,0,0,0,0,4076246
Croatia,2020-02-17,0,0,0,0,4076246
Croatia,2020-02-18,0,0,0,0,4076246
Croatia,2020-02-19,0,0,0,0,4076246
Croatia,2020-02-20,0,0,0,0,4076246
Croatia,2020-02-21,0,0,0,0,4076246
Croatia,2020-02-22,0,0,0,0,4076246
Croatia,2020-02-23,0,0,0,0,4076246
Croatia,2020-02-24,0,0,0,0,4076246
Croatia,2020-02-25,0,0,0,0,4076246
Croatia,2020-02-26,1,0,1,0,4076246
Croatia,2020-02-27,1,0,2,0,4076246
Croatia,2020-02-28,1,0,3,0,4076246
Croatia,2020-02-29,2,0,5,0,4076246
Croatia,2020-03-01,0,0,5,0,4076246
Croatia,2020-03-02,2,0,7,0,4076246
Croatia,2020-03-03,1,0,8,0,4076246
Croatia,2020-03-04,1,0,9,0,4076246
Croatia,2020-03-06,1,0,10,0,4076246
Croatia,2020-03-07,1,0,11,0,4076246
Croatia,2020-03-08,1,0,12,0,4076246
Croatia,2020-03-11,1,0,13,0,4076246
Croatia,2020-03-12,3,0,16,0,4076246
Croatia,2020-03-13,9,0,25,0,4076246
Croatia,2020-03-14,6,0,31,0,4076246
Croatia,2020-03-15,6,0,37,0,4076246
Croatia,2020-03-16,11,0,48,0,4076246
Croatia,2020-03-17,8,0,56,0,4076246
Croatia,2020-03-18,13,0,69,0,4076246
Croatia,2020-03-19,12,0,81,0,4076246
Croatia,2020-03-20,23,0,104,0,4076246
Croatia,2020-03-21,22,0,126,0,4076246
Croatia,2020-03-22,80,0,206,0,4076246
Croatia,2020-03-23,29,0,235,0,4076246
Croatia,2020-03-24,71,0,306,0,4076246
Croatia,2020-03-26,36,0,418,1,4076246
Croatia,2020-03-31,77,0,790,6,4076246
Croatia,2020-04-01,77,0,867,6,4076246
Croatia,2020-04-02,96,0,963,6,4076246
Croatia,2020-04-12,39,0,1534,21,4076246
Croatia,2020-04-21,10,0,1881,47,4076246
Croatia,2020-04-23,42,0,1950,48,4076246
Croatia,2020-05-09,36,0,2161,86,4076246
Croatia,2020-05-13,11,0,2207,91,4076246
Croatia,2020-05-15,8,0,2221,94,4076246
Croatia,2020-05-17,2,0,2224,95,4076246
Croatia,2020-05-18,2,0,2226,95,4076246
Croatia,2020-05-19,2,0,2228,95,4076246
Croatia,2020-05-21,2,0,2234,96,4076246
Croatia,2020-05-24,0,0,2243,99,4076246
Croatia,2020-05-25,1,0,2244,99,4076246
Croatia,2020-05-28,0,0,2244,101,4076246
Croatia,2020-05-31,1,0,2246,103,4076246
Croatia,2020-06-01,0,0,2246,103,4076246
Croatia,2020-06-02,0,0,2246,103,4076246
Croatia,2020-06-03,0,0,2246,103,4076246
Croatia,2020-06-04,0,0,2246,103,4076246
Croatia,2020-06-05,1,0,2247,103,4076246
Croatia,2020-06-06,0,0,2247,103,4076246
Croatia,2020-06-08,0,0,2247,104,4076246
Croatia,2020-06-09,0,0,2247,104,4076246
Croatia,2020-06-11,2,0,2249,106,4076246
Croatia,2020-06-12,0,0,2249,106,4076246
Croatia,2020-06-14,2,0,2251,107,4076246
Croatia,2020-06-15,1,0,2252,107,4076246
Croatia,2020-06-16,2,0,2254,107,4076246
Croatia,2020-06-17,1,0,2255,107,4076246
Croatia,2020-06-18,3,0,2258,107,4076246
Croatia,2020-06-19,11,0,2269,107,4076246
Croatia,2020-06-20,11,0,2280,107,4076246
Croatia,2020-06-21,19,0,2299,107,4076246
Croatia,2020-06-22,18,0,2317,107,4076246
Croatia,2020-06-23,19,0,2336,107,4076246
Croatia,2020-06-24,30,0,2366,107,4076246
Croatia,2020-06-25,22,0,2388,107,4076246
Croatia,2020-06-26,95,0,2483,107,4076246
Croatia,2020-06-27,56,0,2539,107,4076246
Croatia,2020-06-28,85,0,2624,107,4076246
Croatia,2020-06-29,67,0,2691,107,4076246
Croatia,2020-06-30,34,0,2725,107,4076246
Croatia,2020-07-01,52,0,2777,107,4076246
Croatia,2020-07-06,57,0,3151,113,4076246
Croatia,2020-07-07,69,0,3220,113,4076246
Croatia,2020-07-08,52,0,3272,113,4076246
Croatia,2020-07-14,53,0,3775,119,4076246
Croatia,2020-07-15,52,0,3827,119,4076246
Croatia,2020-07-16,126,0,3953,119,4076246
Croatia,2020-07-17,86,0,4039,119,4076246
Croatia,2020-07-19,98,0,4235,120,4076246
Croatia,2020-07-20,119,0,4354,120,4076246
Croatia,2020-07-22,52,0,4422,122,4076246
Croatia,2020-07-25,81,0,4715,128,4076246
Croatia,2020-08-02,86,0,5224,145,4076246
Croatia,2020-08-06,58,0,5376,154,4076246
Croatia,2020-08-08,62,0,5466,155,4076246
Croatia,2020-08-10,61,0,5604,157,4076246
Croatia,2020-08-13,130,0,5870,160,4076246
Croatia,2020-08-18,85,0,6656,166,4076246
Croatia,2020-08-19,199,0,6855,166,4076246
Croatia,2020-08-21,255,0,7329,168,4076246
Croatia,2020-08-27,358,0,8888,175,4076246
Croatia,2020-09-20,212,0,14725,244,4076246
Croatia,2020-09-29,48,0,16245,272,4076246
Croatia,2020-03-25,76,1,382,1,4076246
Croatia,2020-03-27,77,1,495,2,4076246
Croatia,2020-03-28,91,1,586,3,4076246
Croatia,2020-03-30,56,1,713,6,4076246
Croatia,2020-04-03,48,1,1011,7,4076246
Croatia,2020-04-04,68,1,1079,8,4076246
Croatia,2020-04-07,40,1,1222,16,4076246
Croatia,2020-04-09,61,1,1343,19,4076246
Croatia,2020-04-10,64,1,1407,20,4076246
Croatia,2020-04-11,88,1,1495,21,4076246
Croatia,2020-04-17,50,1,1791,35,4076246
Croatia,2020-04-18,23,1,1814,36,4076246
Croatia,2020-04-22,27,1,1908,48,4076246
Croatia,2020-04-25,28,1,2009,51,4076246
Croatia,2020-04-27,14,1,2030,55,4076246
Croatia,2020-05-05,5,1,2101,80,4076246
Croatia,2020-05-08,6,1,2125,86,4076246
Croatia,2020-05-10,15,1,2176,87,4076246
Croatia,2020-05-12,9,1,2196,91,4076246
Croatia,2020-05-16,1,1,2222,95,4076246
Croatia,2020-05-20,4,1,2232,96,4076246
Croatia,2020-05-22,3,1,2237,97,4076246
Croatia,2020-05-26,0,1,2244,100,4076246
Croatia,2020-05-27,0,1,2244,101,4076246
Croatia,2020-05-29,1,1,2245,102,4076246
Croatia,2020-05-30,0,1,2245,103,4076246
Croatia,2020-06-07,0,1,2247,104,4076246
Croatia,2020-06-13,0,1,2249,107,4076246
Croatia,2020-07-02,54,1,2831,108,4076246
Croatia,2020-07-05,86,1,3094,113,4076246
Croatia,2020-07-09,53,1,3325,114,4076246
Croatia,2020-07-10,91,1,3416,115,4076246
Croatia,2020-07-12,140,1,3672,118,4076246
Croatia,2020-07-13,50,1,3722,119,4076246
Croatia,2020-07-18,98,1,4137,120,4076246
Croatia,2020-07-29,42,1,4923,140,4076246
Croatia,2020-07-30,70,1,4993,141,4076246
Croatia,2020-08-01,67,1,5138,145,4076246
Croatia,2020-08-05,22,1,5318,154,4076246
Croatia,2020-08-07,28,1,5404,155,4076246
Croatia,2020-08-11,45,1,5649,158,4076246
Croatia,2020-08-14,180,1,6050,161,4076246
Croatia,2020-08-17,151,1,6571,166,4076246
Croatia,2020-08-22,265,1,7594,169,4076246
Croatia,2020-08-23,306,1,7900,170,4076246
Croatia,2020-08-24,275,1,8175,171,4076246
Croatia,2020-08-31,262,1,10123,184,4076246
Croatia,2020-09-02,145,1,10414,187,4076246
Croatia,2020-09-05,334,1,11428,195,4076246
Croatia,2020-09-07,225,1,11964,198,4076246
Croatia,2020-10-09,542,1,18989,310,4076246
Croatia,2020-10-17,1131,1,23665,345,4076246
Croatia,2020-03-29,71,2,657,5,4076246
Croatia,2020-04-08,60,2,1282,18,4076246
Croatia,2020-04-13,66,2,1600,23,4076246
Croatia,2020-04-14,50,2,1650,25,4076246
Croatia,2020-04-24,31,2,1981,50,4076246
Croatia,2020-05-01,14,2,2076,69,4076246
Croatia,2020-05-03,3,2,2088,77,4076246
Croatia,2020-05-04,8,2,2096,79,4076246
Croatia,2020-05-07,7,2,2119,85,4076246
Croatia,2020-05-23,6,2,2243,99,4076246
Croatia,2020-06-10,0,2,2247,106,4076246
Croatia,2020-07-03,81,2,2912,110,4076246
Croatia,2020-07-04,96,2,3008,112,4076246
Croatia,2020-07-11,116,2,3532,117,4076246
Croatia,2020-07-21,16,2,4370,122,4076246
Croatia,2020-08-09,77,2,5543,157,4076246
Croatia,2020-08-12,91,2,5740,160,4076246
Croatia,2020-08-15,208,2,6258,163,4076246
Croatia,2020-08-16,162,2,6420,165,4076246
Croatia,2020-08-20,219,2,7074,168,4076246
Croatia,2020-08-25,136,2,8311,173,4076246
Croatia,2020-08-26,219,2,8530,175,4076246
Croatia,2020-08-28,304,2,9192,177,4076246
Croatia,2020-09-01,146,2,10269,186,4076246
Croatia,2020-09-06,311,2,11739,197,4076246
Croatia,2020-09-09,204,2,12285,203,4076246
Croatia,2020-09-11,291,2,12917,208,4076246
Croatia,2020-09-18,250,2,14279,238,4076246
Croatia,2020-09-23,144,2,15136,255,4076246
Croatia,2020-09-24,204,2,15340,257,4076246
Croatia,2020-10-04,241,2,17401,293,4076246
Croatia,2020-10-06,138,2,17797,300,4076246
Croatia,2020-04-06,56,3,1182,15,4076246
Croatia,2020-04-16,37,3,1741,34,4076246
Croatia,2020-04-19,18,3,1832,39,4076246
Croatia,2020-04-26,7,3,2016,54,4076246
Croatia,2020-05-06,11,3,2112,83,4076246
Croatia,2020-05-11,11,3,2187,90,4076246
Croatia,2020-05-14,6,3,2213,94,4076246
Croatia,2020-07-23,108,3,4530,125,4076246
Croatia,2020-07-24,104,3,4634,128,4076246
Croatia,2020-07-27,65,3,4857,136,4076246
Croatia,2020-07-28,24,3,4881,139,4076246
Croatia,2020-07-31,78,3,5071,144,4076246
Croatia,2020-08-29,357,3,9549,180,4076246
Croatia,2020-08-30,312,3,9861,183,4076246
Croatia,2020-09-04,369,3,11094,194,4076246
Croatia,2020-09-08,117,3,12081,201,4076246
Croatia,2020-09-10,341,3,12626,206,4076246
Croatia,2020-09-12,190,3,13107,211,4076246
Croatia,2020-09-15,65,3,13598,227,4076246
Croatia,2020-09-16,151,3,13749,230,4076246
Croatia,2020-09-27,212,3,16007,269,4076246
Croatia,2020-09-28,190,3,16197,272,4076246
Croatia,2020-09-30,135,3,16380,275,4076246
Croatia,2020-10-10,457,3,19446,313,4076246
Croatia,2020-10-13,181,3,20621,327,4076246
Croatia,2020-10-14,372,3,20993,330,4076246
Croatia,2020-04-05,47,4,1126,12,4076246
Croatia,2020-04-28,9,4,2039,59,4076246
Croatia,2020-04-29,8,4,2047,63,4076246
Croatia,2020-04-30,15,4,2062,67,4076246
Croatia,2020-08-03,36,4,5260,149,4076246
Croatia,2020-08-04,36,4,5296,153,4076246
Croatia,2020-09-03,311,4,10725,191,4076246
Croatia,2020-09-21,197,4,14922,248,4076246
Croatia,2020-09-25,232,4,15572,261,4076246
Croatia,2020-10-02,234,4,16827,284,4076246
Croatia,2020-10-07,287,4,18084,304,4076246
Croatia,2020-10-11,486,4,19932,317,4076246
Croatia,2020-10-15,748,4,21741,334,4076246
Croatia,2020-07-26,77,5,4792,133,4076246
Croatia,2020-09-22,70,5,14992,253,4076246
Croatia,2020-09-26,223,5,15795,266,4076246
Croatia,2020-10-01,213,5,16593,280,4076246
Croatia,2020-10-05,258,5,17659,298,4076246
Croatia,2020-10-08,363,5,18447,309,4076246
Croatia,2020-04-15,54,6,1704,31,4076246
Croatia,2020-05-02,9,6,2085,75,4076246
Croatia,2020-09-14,165,6,13533,224,4076246
Croatia,2020-09-17,280,6,14029,236,4076246
Croatia,2020-09-19,234,6,14513,244,4076246
Croatia,2020-09-13,261,7,13368,218,4076246
Croatia,2020-10-03,333,7,17160,291,4076246
Croatia,2020-10-12,508,7,20440,324,4076246
Croatia,2020-10-24,1867,7,31717,413,4076246
Croatia,2020-04-20,39,8,1871,47,4076246
Croatia,2020-10-19,819,8,25580,363,4076246
Croatia,2020-10-21,890,8,26863,382,4076246
Croatia,2020-10-26,2421,8,36380,437,4076246
Croatia,2020-10-16,793,10,22534,344,4076246
Croatia,2020-10-18,1096,10,24761,355,4076246
Croatia,2020-10-20,393,11,25973,374,4076246
Croatia,2020-10-22,1424,11,28287,393,4076246
Croatia,2020-10-23,1563,13,29850,406,4076246